Bedrijfsnaam;Adrestype;Postcode;Plaats;Land;Adresregel 1;Adresregel 2;AdresId;Itemtype;Pad
2C&More;Bezoekadres;5401 BM;UDEN;Nederland;Deken de Louwstraat 18;;1;Item;CRM_Site/Lists/Adressen
2mus;Bezoekadres;4156 AC;RUMPT;Nederland;Achterweg 46;;2;Item;CRM_Site/Lists/Adressen
4Results B.V.;Postadres;3740 AH;BAARN;Nederland;Postbus 321;;3;Item;CRM_Site/Lists/Adressen
ABN-AMRO;Postadres;3500 GB;UTRECHT;Nederland;Postbus 2059;;4;Item;CRM_Site/Lists/Adressen
Achmea Agro;Postadres;2700 AB;ZOETERMEER;Nederland;Postbus 54;;5;Item;CRM_Site/Lists/Adressen
Achmea Avero;Postadres;3800 BS;AMERSFOORT;Nederland;Postbus 1717;;6;Item;CRM_Site/Lists/Adressen
Achmea Avero;Bezoekadres;3800 BS;AMERSFOORT;Nederland;Van Asch van Wijckstraat 55;;7;Item;CRM_Site/Lists/Adressen
Achmea DDD;Bezoekadres;7333NP;APELDOORN;Nederland;Laan van Malkenschoten 20;;8;Item;CRM_Site/Lists/Adressen
Achmea Divisie Bancaire Distributie;Postadres;5000 LA;TILBURG;Nederland;Postbus 90106;;9;Item;CRM_Site/Lists/Adressen
Achmea dPV;Bezoekadres;7333 NP;APELDOORN;Nederland;Laan van Malkenschoten 20;;10;Item;CRM_Site/Lists/Adressen
Achmea Group HR - Eureko Academy;Postadres;7300 HC;APELDOORN;Nederland;Postbus 700;;11;Item;CRM_Site/Lists/Adressen
Achmea Group HR - Eureko Academy;Bezoekadres;7311 NB;APELDOORN;Nederland;Prins Willem Alexanderlaan 651;;12;Item;CRM_Site/Lists/Adressen
Achmea Group Information Management;Postadres;5000 LA;Tilburg;Nederland;Postbus 90106;;13;Item;CRM_Site/Lists/Adressen
Achmea Group Information Security Office;Postadres;7300 HC;APELDOORN;Nederland;Postbus 700;;14;Item;CRM_Site/Lists/Adressen
Achmea IM & IT;Postadres;7300 HS;APELDOORN;Nederland;Postbus 9130;;15;Item;CRM_Site/Lists/Adressen
Achmea Interne Diensten;Bezoekadres;7333 NP;APELDOORN;Nederland;Laan van Malkenschoten 20;Deckgebouw C6;16;Item;CRM_Site/Lists/Adressen
Achmea Interne Diensten;Postadres;7333 NP;APELDOORN;Nederland;Postbus 700;;17;Item;CRM_Site/Lists/Adressen
Achmea IT;Bezoekadres;7311NB;APELDOORN;Nederland;Prins Willem-Alexanderlaan 651;;18;Item;CRM_Site/Lists/Adressen
Achmea Schadeservice;Postadres;7300 HZ;APELDOORN;Nederland;Postbus 9150;;19;Item;CRM_Site/Lists/Adressen
Achmea Service Organisatie Leven;Bezoekadres;5017 JZ;TILBURG;Nederland;Spoorlaan 298;;20;Item;CRM_Site/Lists/Adressen
Achmea Syntrus Pensioenbeheer;Postadres;1006 AG;AMSTERDAM;Nederland;Postbus 9251;;21;Item;CRM_Site/Lists/Adressen
Achmea SZ;Postadres;5000 LA;TILBURG;Nederland;Postbus 90106;;22;Item;CRM_Site/Lists/Adressen
Achmea SZ;Bezoekadres;5017 JZ;TILBURG;Nederland;Spoorlaan 298;;23;Item;CRM_Site/Lists/Adressen
AdE Interim Operationeel Management;Bezoekadres;3573 BT;UTRECHT;Nederland;P.L. Brionstraat 47;;24;Item;CRM_Site/Lists/Adressen
Administratiekantoor Report;Postadres;3460 BA;LINSCHOTEN;Nederland;Postbus 7;;25;Item;CRM_Site/Lists/Adressen
Aegon;Postadres;3430 BN;NIEUWEGEIN;Nederland;Postbus 1570;;26;Item;CRM_Site/Lists/Adressen
AFAS ERP Software BV;Postadres;3830 AJ;LEUSDEN;Nederland;Postbus 310;;27;Item;CRM_Site/Lists/Adressen
AFAS ERP Software BV;Bezoekadres;3830 AJ;LEUSDEN;Nederland;Philipstraat 9;;28;Item;CRM_Site/Lists/Adressen
AK Media;Bezoekadres;3542 CA;UTRECHT;Nederland;Niels Bohrweg 131;;29;Item;CRM_Site/Lists/Adressen
Albert Schweitzer Ziekenhuis;Postadres;3300 AK;DORDRECHT;Nederland;Postbus 444;;30;Item;CRM_Site/Lists/Adressen
Alescon werk/leerbedrijven;Postadres;9400 AZ;ASSEN;Nederland;Postbus 990;;31;Item;CRM_Site/Lists/Adressen
All Office Van Lint;Bezoekadres;3447 GK;WOERDEN;Nederland;Pompmolenlaan 43-b;;32;Item;CRM_Site/Lists/Adressen
ANWB B.V.;Bezoekadres;2596 EC;DEN HAAG;Nederland;Wassenaarseweg 220;;33;Item;CRM_Site/Lists/Adressen
ANWB B.V.;Postadres;2596 EC;DEN HAAG;Nederland;Postbus 93200;;34;Item;CRM_Site/Lists/Adressen
APG;Bezoekadres;6411 EJ;HEERLEN;Nederland;Oude Lindestraat 70;;35;Item;CRM_Site/Lists/Adressen
ArboVitale;Postadres;3502 JA;UTRECHT;Nederland;Postbus 5020;;36;Item;CRM_Site/Lists/Adressen
Array Seminar;Bezoekadres;2402 ZN;ALPHEN A/D RIJN;Nederland;Lemelerberg 19 - 23;;37;Item;CRM_Site/Lists/Adressen
ASPECT ICT;Postadres;3370 AB;HARDINXVELD - GIESSENDAM;Nederland;Postbus 98;;38;Item;CRM_Site/Lists/Adressen
ASPECT ICT;Bezoekadres;3370 AB;HARDINXVELD - GIESSENDAM;Nederland;Handelsstraat 4;;39;Item;CRM_Site/Lists/Adressen
Atos Origin;Bezoekadres;3528 BJ;UTRECHT;Nederland;Papendorpseweg 93;;40;Item;CRM_Site/Lists/Adressen
Auto Lease Team;Bezoekadres;2352 BZ;LEIDERDORP;Nederland;Weversbaan 27;;41;Item;CRM_Site/Lists/Adressen
AVAYA;Bezoekadres;3439 MR;NIEUWEGEIN;Nederland;Marconibaan 59;;42;Item;CRM_Site/Lists/Adressen
Avero Achmea;Postadres;3800 BS;AMERSFOORT;Nederland;Postbus 1717;;43;Item;CRM_Site/Lists/Adressen
Avero Achmea;Bezoekadres;3811 LP;AMERSFOORT;Nederland;Van Asch van Wijckstraat 55;;44;Item;CRM_Site/Lists/Adressen
Badge Promotions B.V.;Postadres;3440 AL;WOERDEN;Nederland;Postbus 477;;45;Item;CRM_Site/Lists/Adressen
Badge Promotions B.V.;Bezoekadres;3440 AL;WOERDEN;Nederland;Edisonweg 2;;46;Item;CRM_Site/Lists/Adressen
Bakker Sliedrecht Electro Industrie BV;Postadres;3360 AA;SLIEDRECHT;Nederland;Postbus 25;;47;Item;CRM_Site/Lists/Adressen
Barry Callebaut Nederland BV;Bezoekadres;4881 XZ;ZUNDERT;Nederland;De Ambachten 4;;48;Item;CRM_Site/Lists/Adressen
Bart de Heij ICT;Bezoekadres;2811 GE;REEUWIJK;Nederland;'s Gravenbroekseweg 28;;49;Item;CRM_Site/Lists/Adressen
Bartels Engineering BV;Postadres;7301 GE;APELDOORN;Nederland;Postbus 10217;;50;Item;CRM_Site/Lists/Adressen
bbeyond;Postadres;2130 AR;HOOFDDORP;Nederland;Postbus 692;;51;Item;CRM_Site/Lists/Adressen
BCT;Postadres;6430 AH;HOENSBROEK;Nederland;Postbus 300;;52;Item;CRM_Site/Lists/Adressen
Beerens Winkelinterieurs BV;Bezoekadres;5121 DJ;RIJEN;Nederland;Europalaan 2;;53;Item;CRM_Site/Lists/Adressen
Belcentrale;Bezoekadres;3012 KM;ROTTERDAM;Nederland;Westblaak 142;;54;Item;CRM_Site/Lists/Adressen
Bell & Herrmann;Bezoekadres;2585 EB;Den Haag;Nederland;Nassauplein 14;;55;Item;CRM_Site/Lists/Adressen
Benthurst & Co;Bezoekadres;1020;Brussel;Belgie;Avenue Jan Sobieskilaan 60;;56;Item;CRM_Site/Lists/Adressen
Berenschot;Postadres;3503 RA;UTRECHT;Nederland;Postbus 8039;;57;Item;CRM_Site/Lists/Adressen
Bergman Oogzorg BV;Bezoekadres;1411 DE;NAARDEN;Nederland;Gooimeer 11;;58;Item;CRM_Site/Lists/Adressen
Bijvang Consultancy;Bezoekadres;1019 EE;AMSTERDAM;Nederland;Hildo Kropplein 37;;59;Item;CRM_Site/Lists/Adressen
Bonheur horeca groep;Bezoekadres;5036 NA;TILBURG;Nederland;Bredaseweg 441;;60;Item;CRM_Site/Lists/Adressen
BRW Groep BV;Postadres;2700 AJ;ZOETERMEER;Nederland;Postbus 376;;61;Item;CRM_Site/Lists/Adressen
BRW Groep BV;Bezoekadres;2715 CA;ZOETERMEER;Nederland;Bredewater 4H;;62;Item;CRM_Site/Lists/Adressen
Bugaboo;Bezoekadres;1105 BE;AMSTERDAM;Nederland;Paasheuvelweg 9;;63;Item;CRM_Site/Lists/Adressen
Buma/Stemra;Postadres;2130 KB;HOOFDDORP;Nederland;Postbus 3080;;64;Item;CRM_Site/Lists/Adressen
Capability;Bezoekadres;3439 MB;NIEUWEGEIN;Nederland;Structuurbaan 40;;65;Item;CRM_Site/Lists/Adressen
Capgemini Nederland B.V.;Postadres;3500 GN;UTRECHT;Nederland;Postbus 2575;;66;Item;CRM_Site/Lists/Adressen
Capica Internettechniek;Bezoekadres;2908 LT;CAPELLE A/D IJSSEL;Nederland;Cypresbaan 2;;67;Item;CRM_Site/Lists/Adressen
CAPTER;Bezoekadres;6524 EP;NIJMEGEN;Nederland;St. Annastraat 143;;68;Item;CRM_Site/Lists/Adressen
Careaz;Bezoekadres;7132 EJ;LICHTENVOORDE;Nederland;Het Brook 2;;69;Item;CRM_Site/Lists/Adressen
Careyn Wonen met Zorg;Bezoekadres;3445AS;WOERDEN;Nederland;Utrechtsestraatweg 50;;70;Item;CRM_Site/Lists/Adressen
Carint Reggelandgroep;Postadres;7550 AM;HENGELO;Nederland;Postbus 506;;71;Item;CRM_Site/Lists/Adressen
Casemanagement Groep B.V.;Bezoekadres;2811 EP;REEUWIJK;Nederland;Einsteinstraat 5-7;;72;Item;CRM_Site/Lists/Adressen
Cash Software;Bezoekadres;2518 AD;DEN HAAG;Nederland;Zeestraat 76;;73;Item;CRM_Site/Lists/Adressen
Cellro automatisering;Bezoekadres;3905 PR;VEENENDAAL;Nederland;Koningsschot 41;;74;Item;CRM_Site/Lists/Adressen
Centraal Beheer Achmea;Postadres;7300 HZ;APELDOORN;Nederland;Postbus 9150;;75;Item;CRM_Site/Lists/Adressen
Cinkel Office;Bezoekadres;3207 ZL;SPIJKENISSE;Nederland;Nienoordlaan 10;;76;Item;CRM_Site/Lists/Adressen
Cisco Systems (Switzerland) GmbH;Bezoekadres;8304;WALLISSEN;Zwitserland;Richtistrasse 7;;77;Item;CRM_Site/Lists/Adressen
Civil Aviation Authority;Postadres;8001;BODe;Zweden;Postboks 243;;78;Item;CRM_Site/Lists/Adressen
Civil Aviation Authority;Bezoekadres;8001;BODe;Zweden;Sjegata 45-47;;79;Item;CRM_Site/Lists/Adressen
CKRegister;Bezoekadres;2811 NE;REEUWIJK;Nederland;Oukoopsedijk 13;;80;Item;CRM_Site/Lists/Adressen
C-Level;Bezoekadres;2902 KM;CAPELLE A/D IJSSEL;Nederland;Merelhoven 152;;81;Item;CRM_Site/Lists/Adressen
Closer 2 the job;Bezoekadres;2582 AD;DEN HAAG;Nederland;Cornelis de Wittlaan 67;1e etage;82;Item;CRM_Site/Lists/Adressen
Commant;Bezoekadres;1114 AN;AMSTERDAM;Nederland;Joan Muyskenweg 92;;83;Item;CRM_Site/Lists/Adressen
COMOP;Bezoekadres;3466 LV;WAARDER;Nederland;Prins Bernhardstraat 78;;84;Item;CRM_Site/Lists/Adressen
Company Care Consultancy;Bezoekadres;3065 SC;ROTTERDAM;Nederland;'s-Gravenweg 61 5b;;85;Item;CRM_Site/Lists/Adressen
Coppens;Bezoekadres;5704 RC;Helmond;Nederland;Haverdijk 6a;;86;Item;CRM_Site/Lists/Adressen
Corporate Performance Consultancy;Bezoekadres;5104 CM;DONGEN;Nederland;Wilgenstraat 8;;87;Item;CRM_Site/Lists/Adressen
CQ Procesmanagement;Postadres;3800 GD;AMERSFOORT;Nederland;Postbus 2649;;88;Item;CRM_Site/Lists/Adressen
CreaMatics business mapping;Bezoekadres;2803 SP;GOUDA;Nederland;Akeleistraat 44;;89;Item;CRM_Site/Lists/Adressen
CRV;Postadres;6800 AL;ARNHEM;Nederland;Postbus 454;;90;Item;CRM_Site/Lists/Adressen
Curamare;Bezoekadres;2247 AA;DIRKSLAND;Nederland;Beatrixlaan 13;;91;Item;CRM_Site/Lists/Adressen
Cvision;Postadres;5240 AH;ROSMALEN;Nederland;Postbus 340;;92;Item;CRM_Site/Lists/Adressen
Daelzicht;Postadres;6097 ZG;HEEL;Nederland;Postbus 5002;;93;Item;CRM_Site/Lists/Adressen
DARE!! Calibrations;Bezoekadres;3447 GX;WOERDEN;Nederland;Vijzelmolenlaan 7;;94;Item;CRM_Site/Lists/Adressen
DARE!! Development;Bezoekadres;3447 GX;WOERDEN;Nederland;Vijzelmolenlaan 7;;95;Item;CRM_Site/Lists/Adressen
DARE!! International;Bezoekadres;3447 GX;WOERDEN;Nederland;Vijzelmolenlaan 7;;96;Item;CRM_Site/Lists/Adressen
DARE!! Measurements;Bezoekadres;3447 GX;WOERDEN;Nederland;Vijzelmolenlaan 7;;97;Item;CRM_Site/Lists/Adressen
DBF DataBase Fulfilment;Bezoekadres;2908 LP;Capelle aan den IJssel;Nederland;Rietbaan 6;;98;Item;CRM_Site/Lists/Adressen
D-Day Consultancy;Bezoekadres;3351 AR;PAPENDRECHT;Nederland;Westeind 144;;99;Item;CRM_Site/Lists/Adressen
De Heij Repro;Bezoekadres;2811 NV;REEUWIJK;Nederland;Reeuwijkse Poort 310;;100;Item;CRM_Site/Lists/Adressen
EMV;Bezoekadres;2391 PX;HAZERSWOUDE DORP;Nederland;Frankrijklaan 7;;121;Item;CRM_Site/Lists/Adressen
emv - GmbH;Bezoekadres;82024;TAUFKIRCHEN;Duitsland;Wallbergstraee 7;;122;Item;CRM_Site/Lists/Adressen
Eneco Consumenten;Postadres;3000 BA;Rotterdam;Nederland;Postbus 1003;;123;Item;CRM_Site/Lists/Adressen
Engineers-Inside;Bezoekadres;2628 RX;DELFT;Nederland;Mijnbouwstraat 120;;124;Item;CRM_Site/Lists/Adressen
ESF Agentschap Vlaanderen;Bezoekadres;1000;BRUSSEL;Belgie;Gasthuisstraat 31;;125;Item;CRM_Site/Lists/Adressen
Estuarium BV;Bezoekadres;2517 CG;DEN HAAG;Nederland;Suezkade 175;;126;Item;CRM_Site/Lists/Adressen
ETTU;Bezoekadres;2807 KH;GOUDA;Nederland;Wilhelmina van Pruisenlaan 141;;127;Item;CRM_Site/Lists/Adressen
Eureko;Postadres;3700 AW;ZEIST;Nederland;Postbus 866;;128;Item;CRM_Site/Lists/Adressen
EuroCross International;Postadres;2200 GR;NOORDWIJK;Nederland;Postbus 31300;;129;Item;CRM_Site/Lists/Adressen
Euromax;Bezoekadres;3195 ND;ROTTERDAM-PERNIS;Nederland;Seattleweg 11;Building 1, 1st floor;130;Item;CRM_Site/Lists/Adressen
F & G;Postadres;1700 BE;HEERHUGOWAARD;Nederland;Postbus 1245;;131;Item;CRM_Site/Lists/Adressen
Facilicom;Postadres;3100 AC;SCHIEDAM;Nederland;Postbus 144;;132;Item;CRM_Site/Lists/Adressen
Fairchild Marketing;Postadres;3507 LH;UTRECHT;Nederland;Postbus 13321;;133;Item;CRM_Site/Lists/Adressen
Falkbeer groep;Bezoekadres;3831 LD;LEUSDEN;Nederland;Beerzewijk 30;;134;Item;CRM_Site/Lists/Adressen
FIRMLEADERS;Bezoekadres;2021 GD;HAARLEM;Nederland;Schotersingel 85;;135;Item;CRM_Site/Lists/Adressen
Fokus (stichting Fokus Exploitatie);Bezoekadres;3572 WP;UTRECHT;Nederland;Vermeulenstraat 12;Drieharingstraat 28;136;Item;CRM_Site/Lists/Adressen
Geijsel Kroon Assurantien;Bezoekadres;1191 AD;OUDERKERK A/D AMSTEL;Nederland;Hoger Einde Noord 31;;137;Item;CRM_Site/Lists/Adressen
Gemeente Arnhem;Postadres;6800 EL;ARNHEM;Nederland;Postbus 9029;;138;Item;CRM_Site/Lists/Adressen
Gemeente Den Haag;Postadres;2500DP;DEN HAAG;Nederland;Postbus 12652;;139;Item;CRM_Site/Lists/Adressen
Gemeente Woerden;Bezoekadres;3440 AA;WOERDEN;Nederland;Blekerijlaan 14;;140;Item;CRM_Site/Lists/Adressen
Gemeente Woerden;Postadres;3449 AA;WOERDEN;Nederland;Postbus 45;;141;Item;CRM_Site/Lists/Adressen
Gemiva-SVGgroep;Postadres;2800 AP;GOUDA;Nederland;Postbus 604;;142;Item;CRM_Site/Lists/Adressen
Gemiva-SVGgroep;Bezoekadres;2803 HG;GOUDA;Nederland;Bleulandweg 1c;;143;Item;CRM_Site/Lists/Adressen
GGz Centraal/Meerkanten;Postadres;3850 BA;ERMELO;Nederland;Postbus 1000;;144;Item;CRM_Site/Lists/Adressen
GGZ Oost Brabant;Postadres;5240 BA;ROSMALEN;Nederland;Postbus 1;;145;Item;CRM_Site/Lists/Adressen
De Klaproos;Bezoekadres;2411 CP;BODEGRAVEN;Nederland;Willemstraat 53;;101;Item;CRM_Site/Lists/Adressen
De Westerkim;Bezoekadres;7901 CN;HOOGEVEEN;Nederland;Bosboomstraat 26;;102;Item;CRM_Site/Lists/Adressen
DELA;Bezoekadres;5611 DD;EINDHOVEN;Nederland;Oude Stadsgracht 1;;103;Item;CRM_Site/Lists/Adressen
Delta Lloyd Groep;Postadres;1000 BA;AMSTERDAM;Nederland;Postbus 1000;;104;Item;CRM_Site/Lists/Adressen
Delta Lloyd Groep;Bezoekadres;1096 BC;AMSTERDAM;Nederland;Amstelplein 6;;105;Item;CRM_Site/Lists/Adressen
Deltaratio;Bezoekadres;6524 LM;NIJMEGEN;Nederland;Archipelstraat 285;;106;Item;CRM_Site/Lists/Adressen
Dialoog Grafisch Ontwerp;Bezoekadres;2771 PR;BOSKOOP;Nederland;Kersengaarde 49;;107;Item;CRM_Site/Lists/Adressen
Dichterbij;Postadres;6580 AA;MALDEN;Nederland;Postbus 14;;108;Item;CRM_Site/Lists/Adressen
Dimension Data;Bezoekadres;3771 MT;BARNEVELD;Nederland;Veemweg 23/25;;109;Item;CRM_Site/Lists/Adressen
Donatus Verzekeringen;Postadres;5240 AM;ROSMALEN;Nederland;Postbus 500;;110;Item;CRM_Site/Lists/Adressen
Drost Personeelsdiensten;Bezoekadres;3441 XA;WOERDEN;Nederland;Oranjestraat 1a;;111;Item;CRM_Site/Lists/Adressen
Drukwerkstudio.nl;Bezoekadres;3442 AE;Woerden;Nederland;Industrieweg 11;;112;Item;CRM_Site/Lists/Adressen
Dumiek;Bezoekadres;3445 CN;WOERDEN;Nederland;Dr. Schoutenlaan 8;;113;Item;CRM_Site/Lists/Adressen
ECI;Bezoekadres;4131 PB;VIANEN;Nederland;Industrieterrein Hagestein;Laanakkerweg 14-16;114;Item;CRM_Site/Lists/Adressen
Ecodrukkers;Postadres;2420 AA;NIEUWKOOP;Nederland;Postbus 41;;115;Item;CRM_Site/Lists/Adressen
Eigen Haard;Postadres;1060 JB;AMSTERDAM;Nederland;Postbus 67065;;116;Item;CRM_Site/Lists/Adressen
Eijgen Finance;Bezoekadres;8501 ZJ;Joure;Nederland;Polderboskdyk 3;;117;Item;CRM_Site/Lists/Adressen
Elke dag een stukje wijzer;Bezoekadres;3446 JM;WOERDEN;Nederland;Stormeer 16;;118;Item;CRM_Site/Lists/Adressen
E-Management Groep bv;Bezoekadres;3761 CW;SOEST;Nederland;Anna Paulownalaan 36;;119;Item;CRM_Site/Lists/Adressen
EMPA.TV;Bezoekadres;5256 NL;HERPT;Nederland;Achterweg 21;;120;Item;CRM_Site/Lists/Adressen
GGZ Oost Brabant;Bezoekadres;5240 BA;ROSMALEN;Nederland;Berlicumseweg 8;;146;Item;CRM_Site/Lists/Adressen
Global Risk Evaluation;Bezoekadres;1173;Fechy;Zwitserland;Ch. de la Bossenaz;;147;Item;CRM_Site/Lists/Adressen
Globe Reisburo;Bezoekadres;2251 BK;VOORSCHOTEN;Nederland;Schoolstraat 150;;148;Item;CRM_Site/Lists/Adressen
Graficelly;Bezoekadres;2811 DT;REEUWIJK;Nederland;Leeghwaterstraat 15-07;;149;Item;CRM_Site/Lists/Adressen
Graphic Design;Bezoekadres;3465 JB;DRIEBRUGGEN;Nederland;de Groendijck 20;;150;Item;CRM_Site/Lists/Adressen
Handjehelpen;Bezoekadres;3561 PE;Utrecht;Nederland;Pallas Athenedreef 12;;151;Item;CRM_Site/Lists/Adressen
Hanneke Soeting Projecten;Bezoekadres;7203 EV;ZUTPHEN;Nederland;Schimmelpennincklaan 5;;152;Item;CRM_Site/Lists/Adressen
Hanneke Westerop training en advies aan leidinggevenden;Bezoekadres;2585 GL;DEN HAAG;Nederland;Paramaribostraat 21e;;153;Item;CRM_Site/Lists/Adressen
Hanzehogeschool Groningen;Bezoekadres;9747 AS;Groningen;Nederland;Zernikeplein 7;;154;Item;CRM_Site/Lists/Adressen
HCN B.V.;Postadres;5000 AR;TILBURG;Nederland;Postbus 681;;155;Item;CRM_Site/Lists/Adressen
Heliview;Bezoekadres;4822 NJ;BREDA;Nederland;Lage Mosten 1;;156;Item;CRM_Site/Lists/Adressen
Het Tiende Cohort B.V.;Bezoekadres;2565 BH;DEN HAAG;Nederland;Ranonkelstraat 381;;157;Item;CRM_Site/Lists/Adressen
Hogeschool Inholland;Bezoekadres;2132 HB;HOOFDDORP;Nederland;Saturnusstraat 2-24;;158;Item;CRM_Site/Lists/Adressen
Hogeschool Rotterdam;Postadres;3001 HA;ROTTERDAM;Nederland;Postbus 25035;;159;Item;CRM_Site/Lists/Adressen
Holland Van Gijzen Advocaten en Notarissen LLP;Bezoekadres;1083 HP;AMSTERDAM;Nederland;Antonio Vivaldistraat 150;;160;Item;CRM_Site/Lists/Adressen
Hörnig Consultancy b.v.;Bezoekadres;2411 RS;BODEGRAVEN;Nederland;Zuidzijde 47;;161;Item;CRM_Site/Lists/Adressen
HOZL;Bezoekadres;6411 TE;HEERLEN;Nederland;;;162;Item;CRM_Site/Lists/Adressen
Humares;Postadres;4380 KA;VLISSINGEN;Nederland;Postbus 5014;;163;Item;CRM_Site/Lists/Adressen
ID@5;Bezoekadres;5014 LT;TILBURG;Nederland;Groeseindstraat 33-07;;164;Item;CRM_Site/Lists/Adressen
IDB Telematica B.V.;Bezoekadres;3447 GX;WOERDEN;Nederland;Vijzelmolenlaan 2;;165;Item;CRM_Site/Lists/Adressen
IJsselland ziekenhuis;Bezoekadres;2900 AR;CAPELLE A/D IJSSEL;Nederland;Postbus 690;;166;Item;CRM_Site/Lists/Adressen
IJsselland ziekenhuis;Bezoekadres;2906 ZC;CAPELLE A/D IJSSEL;Nederland;Prins Constantijnweg 2;;167;Item;CRM_Site/Lists/Adressen
Ikazia Ziekenhuis Rotterdam;Bezoekadres;3083 AN;ROTTERDAM;Nederland;Montessoriweg 1;;168;Item;CRM_Site/Lists/Adressen
Imbri Resourcing;Bezoekadres;6211 CD;MAASTRICHT;Nederland;Van Hasseltkade 21;;169;Item;CRM_Site/Lists/Adressen
Impactris;Bezoekadres;2743 HN;WADDINXVEEN;Nederland;Woubrechterf 86;;170;Item;CRM_Site/Lists/Adressen
Imtech;Bezoekadres;2803 PE;GOUDA;Nederland;Kampenringweg 45A;;171;Item;CRM_Site/Lists/Adressen
INEOS Styrenics;Bezoekadres;4825 BC;BREDA;Nederland;Konijnenberg 63;;172;Item;CRM_Site/Lists/Adressen
International Institute of Social Studies;Bezoekadres;2518 AX;DEN HAAG;Nederland;Kortenaerkade 12;;173;Item;CRM_Site/Lists/Adressen
Interpolis;Postadres;5000 LA;TILBURG;Nederland;Postbus 90106;;174;Item;CRM_Site/Lists/Adressen
IntoBusiness;Bezoekadres;2408 AN;ALPHEN A/D RIJN;Nederland;A. van Leeuwenhoekweg 36a5;;175;Item;CRM_Site/Lists/Adressen
Intrum Justitia;Postadres;2508 AB;DEN HAAG;Nederland;Postbus 84096;;176;Item;CRM_Site/Lists/Adressen
iPM Partners B.V.;Bezoekadres;5711 BP;SOMEREN;Nederland;Waalseweg 44;;177;Item;CRM_Site/Lists/Adressen
Iris Zorg;Postadres;6800 AJ;ARNHEM;Nederland;Postbus 351;;178;Item;CRM_Site/Lists/Adressen
ISC;Postadres;3970 AE;DRIEBERGEN;Nederland;Postbus 238;;179;Item;CRM_Site/Lists/Adressen
IT-Staffing Nederland BV;Postadres;3430 BB;NIEUWEGEIN;Nederland;Postbus 1094;;180;Item;CRM_Site/Lists/Adressen
CRMinbox;Bezoekadres;1055 SC;AMSTERDAM;Nederland;Hoofdweg 925;;181;Item;CRM_Site/Lists/Adressen
K2;Bezoekadres;3511 JK;UTRECHT;Nederland;Steenweg 1a;;182;Item;CRM_Site/Lists/Adressen
Kadaster;Postadres;7300 GH;APELDOORN;Nederland;Postbus 9046;;183;Item;CRM_Site/Lists/Adressen
Kadaster;Bezoekadres;7334 DP;APELDOORN;Nederland;Laan van Westenenk 701;;184;Item;CRM_Site/Lists/Adressen
Kamer van Koophandel Midden-Nederland;Bezoekadres;3511 RC;UTRECHT;Nederland;Kroonstraat 50;;185;Item;CRM_Site/Lists/Adressen
Kamsteeg Auto Lease B.V.;Postadres;2302 BB;LEIDEN;Nederland;Postbus 1090;;186;Item;CRM_Site/Lists/Adressen
Kao Netherlands B.V.;Bezoekadres;3818 LA;AMERSFOORT;Nederland;Berkenweg 7;;187;Item;CRM_Site/Lists/Adressen
Klant Contact Services;Postadres;3501 DB;UTRECHT;Nederland;Postbus 19058;;188;Item;CRM_Site/Lists/Adressen
Koeltechnisch Buro Van Dijk;Bezoekadres;2811 LB;REEUWIJK;Nederland;Nieuwdorperweg 33a;;189;Item;CRM_Site/Lists/Adressen
Koeriersdienst Van Elk Logistiek;Bezoekadres;3447 GK;WOERDEN;Nederland;Pompmolenlaan 22;;190;Item;CRM_Site/Lists/Adressen
Koeriersdiensten Het Groene Hart;Bezoekadres;3447 GK;WOERDEN;Nederland;Pompmolenlaan 43/E;;191;Item;CRM_Site/Lists/Adressen
Kofax Netherlands B.V.;Bezoekadres;3992 AG;Houten;Nederland;Meidoornkade 19;;192;Item;CRM_Site/Lists/Adressen
Komplot! BV;Bezoekadres;2811 EM;REEUWIJK;Nederland;Edisonstraat 15-1;;193;Item;CRM_Site/Lists/Adressen
KOOD;Bezoekadres;3571 PT;UTRECHT;Nederland;Fruitplantsoen 86;;194;Item;CRM_Site/Lists/Adressen
KPMG MKB BV;Bezoekadres;3454 PV;DE MEERN;Nederland;Rijnzathe 14;;195;Item;CRM_Site/Lists/Adressen
Kubiek;Bezoekadres;2625 GZ;DELFT;Nederland;Marshalllaan 2;;196;Item;CRM_Site/Lists/Adressen
Lagerweij & Partners;Bezoekadres;3446 AH;WOERDEN;Nederland;Helskinkilaan 6;;197;Item;CRM_Site/Lists/Adressen
Larensa Smart Voice;Postadres;1200 AG;HILVERSUM;Nederland;Postbus 279;;198;Item;CRM_Site/Lists/Adressen
Lean Quality;Bezoekadres;4854 SB;BAVEL;Nederland;Beemd 19;;199;Item;CRM_Site/Lists/Adressen
Legal Alliance/ NINtec Legal Services B.V.;Bezoekadres;3466 LV;WAARDER;Nederland;Prins Bernhardstraat 82;;200;Item;CRM_Site/Lists/Adressen
Lemontree;Bezoekadres;2406 JE;ALPHEN A/D RIJN;Nederland;Cornelis Geellaan 43;;201;Item;CRM_Site/Lists/Adressen
Lions Interim Management, Coaching & Consultancy;Bezoekadres;7826 GD;Emmen;Nederland;Dagpauwoog 24;;202;Item;CRM_Site/Lists/Adressen
LOI Leidse Onderwijsinstellingen;Postadres;2350 CA;LEIDERDORP;Nederland;postbus 4200;;203;Item;CRM_Site/Lists/Adressen
LRQA - Lloyd's Register Nederland B.V.;Postadres;3000 AS;ROTTERDAM;Nederland;Postbus 701;;204;Item;CRM_Site/Lists/Adressen
LRQA - Lloyd's Register Nederland B.V.;Bezoekadres;3062 MB;ROTTERDAM;Nederland;K.P. van der Mandelelaan 41A;;205;Item;CRM_Site/Lists/Adressen
Lucon plus B.V.;Bezoekadres;1223 AB;HILVERSUM;Nederland;Larenseweg 218;Televisieweg 15C, 1322 AC Almere;206;Item;CRM_Site/Lists/Adressen
Lynn Woppenkamp en Freni Kirioma;Bezoekadres;1353 PA;ALMERE-HAVEN;Nederland;Hoekwierde 7;;207;Item;CRM_Site/Lists/Adressen
Maasstad Ziekenhuis;Bezoekadres;3079 DZ;ROTTERDAM;Nederland;Maasstadweg 21;;208;Item;CRM_Site/Lists/Adressen
Masterclass Consultants;Bezoekadres;5062 KL;OISTERWIJK;Nederland;Peter Paul Rubenspad 25;;209;Item;CRM_Site/Lists/Adressen
Mavim BV;Bezoekadres;2201 TB;NOORDWIJK;Nederland;Oude Zeeweg 10;;210;Item;CRM_Site/Lists/Adressen
Mavim BV;Postadres;2200 AG;NOORDWIJK;Nederland;Postbus 272;;211;Item;CRM_Site/Lists/Adressen
MediaAdvice;Bezoekadres;2321 KA;LEIDEN;Nederland;Frambozenweg 43-45;;212;Item;CRM_Site/Lists/Adressen
Menzis;Postadres;7500 KC;ENSCHEDE;Nederland;Postbus 75000;;213;Item;CRM_Site/Lists/Adressen
Mercedes-Benz;Bezoekadres;2491 BA;DEN HAAG;Nederland;Donau 42;;214;Item;CRM_Site/Lists/Adressen
Middin;Bezoekadres;2285 VZ;Rijswijk;Nederland;Prinses Beatrixlaan 16;;215;Item;CRM_Site/Lists/Adressen
Ministerie van Defensie - Commando Dienstencentra;Postadres;3509 AA;UTRECHT;Nederland;Postbus 90000;;216;Item;CRM_Site/Lists/Adressen
Mister Aqua;Bezoekadres;6063 BA;VLODROP;Nederland;Schaapweg 26;;217;Item;CRM_Site/Lists/Adressen
Mistral Advocaten;Bezoekadres;3446 CR;Woerden;Nederland;Jaap Bijzerweg 19;;218;Item;CRM_Site/Lists/Adressen
MKBTR;Postadres;6710 EA;EDE;Nederland;Postbus 4026;;219;Item;CRM_Site/Lists/Adressen
MNQ Support;Bezoekadres;2811 NE;REEUWIJK;Nederland;Oukoopsedijk 13;;220;Item;CRM_Site/Lists/Adressen
Mobilee Consultancy;Bezoekadres;3528 BA;UTRECHT;Nederland;Orteliuslaan 15;;221;Item;CRM_Site/Lists/Adressen
Monsterboard;Bezoekadres;1066 EP;AMSTERDAM;Nederland;Say Building B;John M. Keynesplein 1;222;Item;CRM_Site/Lists/Adressen
Montessoribasisschool De Elzen;Bezoekadres;5038 HD;TILBURG;Nederland;Elzenstraat 14a;;223;Item;CRM_Site/Lists/Adressen
Moog B.V.;Postadres;2150 AD;NIEUW-VENNEP;Nederland;Postbus 187;;224;Item;CRM_Site/Lists/Adressen
Myler;Bezoekadres;3707 NH;ZEIST;Nederland;Handelsweg 6;;225;Item;CRM_Site/Lists/Adressen
Nationale-Nederlanden;Bezoekadres;2595 AK;Den Haag;Nederland;Pr. Beatrixlaan 35;;226;Item;CRM_Site/Lists/Adressen
Nederlandse Voedsel- en Warenautoriteit (NVWA);Postadres;3540 AA;UTRECHT;Nederland;Postbus 43006;;227;Item;CRM_Site/Lists/Adressen
NetSourcing;Postadres;4180 BB;WAARDENBURG;Nederland;Postbus 77;;228;Item;CRM_Site/Lists/Adressen
NetSourcing;Bezoekadres;4181 AE;WAARDENBURG;Nederland;Achterweg 44;;229;Item;CRM_Site/Lists/Adressen
NetSourcing;Bezoekadres;1322 BK;ALMERE;Nederland;Monitorweg 31;;230;Item;CRM_Site/Lists/Adressen
Nimbus Nederland;Bezoekadres;2514 JG;DEN HAAG;Nederland;Haagsche Hof, Parkstraat 83;;231;Item;CRM_Site/Lists/Adressen
Northrop Grumman Corporation Electronic Systems;Bezoekadres;3133 KK;VLAARDINGEN;Nederland;James Wattweg 22;;232;Item;CRM_Site/Lists/Adressen
Nuance Communications, Inc.;Bezoekadres;9820;MERELBEKE;Belgie;Guldensporenpark 32;;233;Item;CRM_Site/Lists/Adressen
NVD Beveiligingen;Postadres;2001 DA;HAARLEM;Nederland;Postbus 3049;;234;Item;CRM_Site/Lists/Adressen
NXP Semiconductors;Bezoekadres;5656AG;Eindhoven;Nederland;High tech campus 60;;235;Item;CRM_Site/Lists/Adressen
O&I;Postadres;3508 AE;UTRECHT;Nederland;Postbus 85221;;236;Item;CRM_Site/Lists/Adressen
Obvion;Postadres;6401 DM;HEERLEN;Nederland;Postbus 3005;;237;Item;CRM_Site/Lists/Adressen
Obvion;Bezoekadres;6411 CH;HEERLEN;Nederland;Burg. De Hesselleplein 31;;238;Item;CRM_Site/Lists/Adressen
Oceanwide offshore services;Bezoekadres;1786 PP;DEN HELDER;Nederland;Luchthavenweg 6a;;239;Item;CRM_Site/Lists/Adressen
Ohra Bank;Postadres;6803 GD;ARNHEM;Nederland;Postbus 40004;;240;Item;CRM_Site/Lists/Adressen
Omta Consulting;Bezoekadres;3465 TE;DRIEBRUGGEN;Nederland;Wilgenlaan 13;;241;Item;CRM_Site/Lists/Adressen
Onze Lieve Vrouwe Gasthuis;Bezoekadres;1091 AC;AMSTERDAM;Nederland;Oosterpark 9;;242;Item;CRM_Site/Lists/Adressen
Ordina;Postadres;3430 JC;NIEUWEGEIN;Nederland;Postbus 7101;;243;Item;CRM_Site/Lists/Adressen
P4;Bezoekadres;3701 HB;ZEIST;Nederland;1e Dorpsstraat 18;;244;Item;CRM_Site/Lists/Adressen
Pameijer;Postadres;3003 DK;ROTTERDAM;Nederland;Postbus 22406;;245;Item;CRM_Site/Lists/Adressen
Pameijer;Bezoekadres;3034 CJ;ROTTERDAM;Nederland;Crooswijksesingel 66;;246;Item;CRM_Site/Lists/Adressen
Payper;Bezoekadres;4822 NJ;BREDA;Nederland;Lage Mosten 11;Vijfde verdieping;247;Item;CRM_Site/Lists/Adressen
Payper;Postadres;4820 BC;BREDA;Nederland;Postbus 8821;;248;Item;CRM_Site/Lists/Adressen
Pensioenfonds Horeca & Catering (PH&C);Postadres;2701 AH;ZOETERMEER;Nederland;Postbus 7308;;249;Item;CRM_Site/Lists/Adressen
Pensioenfonds Horeca & Catering (PH&C);Bezoekadres;2701 AH;ZOETERMEER;Nederland;Houtsingel 25;;250;Item;CRM_Site/Lists/Adressen
Phone House;Bezoekadres;3825 HD;Amersfoort;Nederland;Euroweg 20;;251;Item;CRM_Site/Lists/Adressen
PlanningIT B.V.;Bezoekadres;3994 DA;HOUTEN;Nederland;De Molen 19;;252;Item;CRM_Site/Lists/Adressen
Pres-sure Projects;Bezoekadres;5554 GZ;VALKENSWAARD;Nederland;Hoekakker 11;;253;Item;CRM_Site/Lists/Adressen
Prinsenstichting;Postadres;1440 AC;PURMEREND;Nederland;Postbus 123;;254;Item;CRM_Site/Lists/Adressen
Pro-ActIT;Bezoekadres;1745;OPWIJK;Belgie;Bunderstraat 75;;255;Item;CRM_Site/Lists/Adressen
Prodware Inspirience Center;Bezoekadres;5300 AG;ZALTBOMMEL;Nederland;Van Voordenpark 1a;;256;Item;CRM_Site/Lists/Adressen
ProPlanet BV;Bezoekadres;5215 EJ;'S-HERTOGENBOSCH;Nederland;Rijnstraat 495F;;257;Item;CRM_Site/Lists/Adressen
Provincie Noord-Brabant;Postadres;5200 MC;'S-HERTOGENBOSCH;Nederland;Postbus 90151;;258;Item;CRM_Site/Lists/Adressen
PTITO BV;Postadres;3001 DC;ROTTERDAM;Nederland;Postbus 30141;;259;Item;CRM_Site/Lists/Adressen
Quality Systems;Bezoekadres;3447 GK;WOERDEN;Nederland;Pompmolenlaan 41G;;260;Item;CRM_Site/Lists/Adressen
Querner Gouda;Bezoekadres;2811 NE;Reeuwijk;Nederland;Oukoopsedijk 13;;261;Item;CRM_Site/Lists/Adressen
Rabobank Amerstreek;Postadres;4900 AB;Oosterhout;Nederland;Postbus 56;;262;Item;CRM_Site/Lists/Adressen
Rabobank Bodegraven-Woerden;Postadres;3440 DA;WOERDEN;Nederland;Postbus 2035;;263;Item;CRM_Site/Lists/Adressen
Rabobank Eindhoven-Veldhoven;Bezoekadres;5503 PM;VELDHOVEN;Nederland;De Schimmerik 11;;264;Item;CRM_Site/Lists/Adressen
Rabobank Hilversum & Vecht en Plassen;Postadres;1200 AG;HILVERSUM;Nederland;POSTBUS 273;;265;Item;CRM_Site/Lists/Adressen
Rabobank Nederland;Bezoekadres;3521 CB;UTRECHT;Nederland;Croeselaan;;266;Item;CRM_Site/Lists/Adressen
Rabobank Ridderkerk Midden-IJsselmonde;Postadres;2900 AA;BARENDRECHT;Nederland;Postbus 17;;267;Item;CRM_Site/Lists/Adressen
Rabobank Rijn en Veenstromen;Postadres;3440 DA;WOERDEN;Nederland;Postbus 2035;;268;Item;CRM_Site/Lists/Adressen
Randstad;Postadres;1100 AP;AMSTERDAM;Nederland;Postbus 12600;;269;Item;CRM_Site/Lists/Adressen
Regiopolitie Amsterdam-Amstelland;Postadres;1000 CG;AMSTERDAM;Nederland;Postbus 2287;;270;Item;CRM_Site/Lists/Adressen
Rijksoverheid ECLO;Bezoekadres;2595 AN;Den Haag;Nederland;Wilhelmina van Pruisenweg 52;E01.015;271;Item;CRM_Site/Lists/Adressen
Risk Executives BV;Bezoekadres;1185 LN;AMSTELVEEN;Nederland;Van der Hooplaan 241;;272;Item;CRM_Site/Lists/Adressen
RitsRats Reklame;Bezoekadres;3555 CW;UTRECHT;Nederland;Berlagestraat 48;;273;Item;CRM_Site/Lists/Adressen
Riverland Management Consultants B.V.;Bezoekadres;4001 CE;TIEL;Nederland;Stationsstraat 18;;274;Item;CRM_Site/Lists/Adressen
Rivierduinen;Bezoekadres;2342 EG;OEGSTGEEST;Nederland;terrein Endegeesterstraatweg;Kasteellaan 9;275;Item;CRM_Site/Lists/Adressen
Rodenburg & Partners;Bezoekadres;4835 RG;BREDA;Nederland;Henri 't sasplein 4;;276;Item;CRM_Site/Lists/Adressen
Ruwaard van Putten Ziekenhuis;Bezoekadres;3200 GA;SPIJKENISSE;Nederland;Ruwaard van Puttenweg 500;;277;Item;CRM_Site/Lists/Adressen
RWG - Rotterdam World Gateway;Postadres;3008 PC;Rotterdam;Nederland;Postbus 59104;;278;Item;CRM_Site/Lists/Adressen
Sandd BV;Postadres;7301 GB;APELDOORN;Nederland;Postbus 10071;;279;Item;CRM_Site/Lists/Adressen
Scarlet Telecom BV;Postadres;8200 AD;LELYSTAD;Nederland;Postbus 158;;280;Item;CRM_Site/Lists/Adressen
Sectorinstituut voor Transport en Logistiek;Bezoekadres;2803 PE;Gouda;Nederland;Kampenringweg 43;;281;Item;CRM_Site/Lists/Adressen
Sensire;Postadres;7000 AD;DOETINCHEM;Nederland;postbus 171;;282;Item;CRM_Site/Lists/Adressen
Sherpa;Bezoekadres;3744 MN;BAARN;Nederland;Zandheuvelweg 4;;283;Item;CRM_Site/Lists/Adressen
Shield Group;Bezoekadres;3047 BR;ROTTERDAM;Nederland;Hongkongstraat 5;;284;Item;CRM_Site/Lists/Adressen
Sinai Centrum;Postadres;1180 EB;AMSTELVEEN;Nederland;Postbus 2063;;285;Item;CRM_Site/Lists/Adressen
Sinai Centrum;Bezoekadres;1186 AM;AMSTELVEEN;Nederland;Laan van de Helende Meesters 2;;286;Item;CRM_Site/Lists/Adressen
Sinnema Advies;Bezoekadres;3328 AG;DORDRECHT;Nederland;Kinkelenburg 59;;287;Item;CRM_Site/Lists/Adressen
Sirrom BV;Bezoekadres;2102 XS;HEEMSTEDE;Nederland;J. Verhulstlaan 23;;288;Item;CRM_Site/Lists/Adressen
Sitel;Postadres;7600 AB;ALMELO;Nederland;Postbus 92;;289;Item;CRM_Site/Lists/Adressen
Skelta Software Inc.;Bezoekadres;GA 30022;ALPHARETTA;USA;30000 Mill Creek Ave Suite T50;;290;Item;CRM_Site/Lists/Adressen
SMT Systems;Bezoekadres;1781 AK;DEN HELDER;Nederland;Het Nieuwe Werk 100;;291;Item;CRM_Site/Lists/Adressen
SNS Bank;Bezoekadres;3521 BJ;UTRECHT;Nederland;Croeselaan 1;;292;Item;CRM_Site/Lists/Adressen
SNT Nederland BV;Bezoekadres;2718 SJ;ZOETERMEER;Nederland;Blauw-roodlaan 100;;293;Item;CRM_Site/Lists/Adressen
Software AG Nederland;Bezoekadres;2491 AL;DEN HAAG;Nederland;Castellum gebouw B;Loire 162;294;Item;CRM_Site/Lists/Adressen
Sogeti Nederland B.V.;Postadres;4130 EB;VIANEN;Nederland;Postbus 76;;295;Item;CRM_Site/Lists/Adressen
Solution Management;Bezoekadres;2950;VEDBeK;Denemarken;Bygstubben 4;;296;Item;CRM_Site/Lists/Adressen
SRK;Bezoekadres;2719 EA;Zoetermeer;Nederland;Houtsingel 19;;297;Item;CRM_Site/Lists/Adressen
St. Centrum Voor Dienstverlening (CVD);Postadres;3000 AE;ROTTERDAM;Nederland;Postbus 208;;298;Item;CRM_Site/Lists/Adressen
Stedin Meetbedrijf B.V.;Postadres;3000 AJ;ROTTERDAM;Nederland;Postbus 393;;299;Item;CRM_Site/Lists/Adressen
Stedin Meetbedrijf B.V.;Bezoekadres;3011 TA;ROTTERDAM;Nederland;Blaak 8;;300;Item;CRM_Site/Lists/Adressen
Trijntje Kraak Interim Management en Advies;Bezoekadres;3043 CN;ROTTERDAM;Nederland;Overschiese Dorpsstraat 33;;326;Item;CRM_Site/Lists/Adressen
Twigt Grafimedia;Postadres;2740 AC;WADDINXVEEN;Nederland;Postbus 120;;327;Item;CRM_Site/Lists/Adressen
Typhone E-Concepts B.V.;Postadres;5606 SH;EINDHOVEN;Nederland;Postbus 7917;;328;Item;CRM_Site/Lists/Adressen
Uitgeversmaatschappij De Telegraaf B.V.;Postadres;1000 EB;AMSTERDAM;Nederland;Postbus 376;;329;Item;CRM_Site/Lists/Adressen
Universiteit van Tilburg;Postadres;5000 LE;TILBURG;Nederland;Postbus 90153;;330;Item;CRM_Site/Lists/Adressen
Vakmedianet;Bezoekadres;7411 PL;DEVENTER;Nederland;Binnensingel 3;;331;Item;CRM_Site/Lists/Adressen
Value Proof;Bezoekadres;1411 GE;NAARDEN;Nederland;Rijksweg 81b;;332;Item;CRM_Site/Lists/Adressen
ValueProof;Bezoekadres;1411 GE;NAARDEN;Nederland;Rijksweg 81b;;333;Item;CRM_Site/Lists/Adressen
Van Engeldorp & Partners;Bezoekadres;3067 CZ;ROTTERDAM;Nederland;Kurt Callostraat 17;;334;Item;CRM_Site/Lists/Adressen
VANAD;Bezoekadres;2909 LD;CAPELLE A/D IJSSEL;Nederland;Rivium Westlaan 1;;335;Item;CRM_Site/Lists/Adressen
Varkens Innovatie Centrum (VIC) Sterksel;Bezoekadres;6029 PK;STERKSEL;Nederland;Vlaamseweg 17;;336;Item;CRM_Site/Lists/Adressen
VECOZO;Bezoekadres;5026 RK;TILBURG;Nederland;Dr. Anton Philipsweg 35;;337;Item;CRM_Site/Lists/Adressen
VECOZO;Postadres;5004 JB;TILBURG;Nederland;Postbus 4050;;338;Item;CRM_Site/Lists/Adressen
Verian;Postadres;7301 BG;APELDOORN;Nederland;Postbus 1032;;339;Item;CRM_Site/Lists/Adressen
Verlind Consultancy;Bezoekadres;2282 ER;RIJSWIJK;Nederland;Lindelaan 133;;340;Item;CRM_Site/Lists/Adressen
Versluis;Bezoekadres;3441 CG;WOERDEN;Nederland;Voorstraat 59-61;;341;Item;CRM_Site/Lists/Adressen
VGZ;Bezoekadres;6811 KA;ARNHEM;Nederland;Willemsplein 1;;342;Item;CRM_Site/Lists/Adressen
Vierloos BV;Bezoekadres;3583 BL;UTRECHT;Nederland;Frans Halsstraat 31;;343;Item;CRM_Site/Lists/Adressen
Vierstroom Ledenservice;Postadres;2800 AN;GOUDA;Nederland;Postbus 571;;344;Item;CRM_Site/Lists/Adressen
Viking Direct;Bezoekadres;5928 LA;VENLO;Nederland;Columbusweg 33;;345;Item;CRM_Site/Lists/Adressen
Vitens;Postadres;6802 CC;ARNHEM;Nederland;Postbus 2137;;346;Item;CRM_Site/Lists/Adressen
VIVAT Verzekeringen;Postadres;3503 PB;Utrecht;Nederland;Postbus 6095;;347;Item;CRM_Site/Lists/Adressen
Voconsulting;Postadres;1030 AN;AMSTERDAM;Nederland;postbus 37599;;348;Item;CRM_Site/Lists/Adressen
VSL- Dutch Metrology Institute;Postadres;2600 AR;DELFT;Nederland;Postbus 654;;349;Item;CRM_Site/Lists/Adressen
VVAA Groep BV;Postadres;3503 RD;UTRECHT;Nederland;Postbus 8153;;350;Item;CRM_Site/Lists/Adressen
Wave Energy;Bezoekadres;5811 BM;'S-HERTOGENBOSCH;Nederland;Stationsplein 91;;351;Item;CRM_Site/Lists/Adressen
Webber Consultancy;Bezoekadres;5652 JJ;EINDHOVEN;Nederland;Bredalaan 128-a;;352;Item;CRM_Site/Lists/Adressen
WeServe-IT;Bezoekadres;1749VE;WARMENHUIZEN;Nederland;Rietzangerstraat 3;;353;Item;CRM_Site/Lists/Adressen
Xecutive Management B.V.;Bezoekadres;3263 SB;OUD-BEIJERLAND;Nederland;Ben Goerionpad 31;;354;Item;CRM_Site/Lists/Adressen
XS4ALL Internet BV;Bezoekadres;1043 EJ;Amsterdam;Nederland;Teleport Boulevard 121;;355;Item;CRM_Site/Lists/Adressen
Xtandit;Postadres;3440 DA;WOERDEN;Nederland;Postbus 2001;;356;Item;CRM_Site/Lists/Adressen
Yarden Uitvaartorganisatie;Bezoekadres;1301 AC;Almere;Nederland;Transistorstraat 10;;357;Item;CRM_Site/Lists/Adressen
Yarden Uitvaartorganisatie;Postadres;1322 CE;Almere;Nederland;Postbus 10118;;358;Item;CRM_Site/Lists/Adressen
Ziekenhuis Rivierenland;Postadres;4000 HA;TIEL;Nederland;Postbus 6024;;359;Item;CRM_Site/Lists/Adressen
Ziekenhuis Rivierenland;Bezoekadres;4002 WP;TIEL;Nederland;Pres. Kennedylaan 1;;360;Item;CRM_Site/Lists/Adressen
Stedin Netbeheer;Postadres;3000 AA;ROTTERDAM;Nederland;Postbus 49;;301;Item;CRM_Site/Lists/Adressen
Stedin Netbeheer;Bezoekadres;3011 TA;ROTTERDAM;Nederland;Blaak 8;;302;Item;CRM_Site/Lists/Adressen
Steltix Nederland BV;Bezoekadres;3542 DL;UTRECHT;Nederland;Maarssenbroeksedijk 19 C;;303;Item;CRM_Site/Lists/Adressen
Stichting Achmea Rechtsbijstand;Postadres;5000 JC;TILBURG;Nederland;Postbus 10100;;304;Item;CRM_Site/Lists/Adressen
Stichting Exploitatie Kasteel de Haar;Bezoekadres;3455 RR;Haarzuilens;Nederland;Kasteellaan 1;;305;Item;CRM_Site/Lists/Adressen
Strukton Worksphere;Bezoekadres;3542 DA;Maarssen;Nederland;Westkanaaldijk 2;;306;Item;CRM_Site/Lists/Adressen
Studio Veelenturf Reklame;Bezoekadres;2411 TH;BODEGRAVEN;Nederland;Prinses Beatrixstraat 2;;307;Item;CRM_Site/Lists/Adressen
Studio-Max;Bezoekadres;5298 BD;BOXTEL;Nederland;Hoogheem 244;;308;Item;CRM_Site/Lists/Adressen
SVHW;Bezoekadres;3286 LS;Klaaswaal;Nederland;Rijksstraatweg 3b;;309;Item;CRM_Site/Lists/Adressen
Synaxion;Bezoekadres;5612 HZ;EINDHOVEN;Nederland;Zernikestraat 12;;310;Item;CRM_Site/Lists/Adressen
TDA;Postadres;1300 AD;ALMERE;Nederland;Postbus 177;;311;Item;CRM_Site/Lists/Adressen
Team For Target;Bezoekadres;2582 CT;DEN HAAG;Nederland;Cornelis de Wittlaan 514;;312;Item;CRM_Site/Lists/Adressen
Telecats;Postadres;7500 AB;ENSCHEDE;Nederland;Postbus 92;;313;Item;CRM_Site/Lists/Adressen
Telefoonaanname.nl;Bezoekadres;3014 GT;ROTTERDAM;Nederland;Westersingel 41;;314;Item;CRM_Site/Lists/Adressen
TeleTigers BV;Bezoekadres;3447 GW;WOERDEN;Nederland;Pelmolenlaan 10-A;;315;Item;CRM_Site/Lists/Adressen
Teletrain;Bezoekadres;1105 BE;AMSTERDAM;Nederland;Paasheuvelweg 1;;316;Item;CRM_Site/Lists/Adressen
the process balance;Bezoekadres;6431 LV;HOENSBROEK;Nederland;Burg Martinstraat 12;;317;Item;CRM_Site/Lists/Adressen
TIBCO Software B.V. (NL);Bezoekadres;3062 ME;ROTTERDAM;Nederland;Lichtenauerlaan 122-140;;318;Item;CRM_Site/Lists/Adressen
Timmermans Project & Interim management;Bezoekadres;3761 CL;SOEST;Nederland;Burgemeester Grothestraat 47;;319;Item;CRM_Site/Lists/Adressen
T-MC;Bezoekadres;3446 CR;WOERDEN;Nederland;Jaap Bijzerweg 19;;320;Item;CRM_Site/Lists/Adressen
Ton Planken Trainingen bv;Bezoekadres;3441 AS;WOERDEN;Nederland;Haven 8;;321;Item;CRM_Site/Lists/Adressen
Topscore B.V.;Bezoekadres;2801 AL;GOUDA;Nederland;Crabethstraat 11;;322;Item;CRM_Site/Lists/Adressen
Toyota van Ramselaar;Bezoekadres;3446 CM;WOERDEN;Nederland;Straat van Gibraltar 7;;323;Item;CRM_Site/Lists/Adressen
Trices BV;Bezoekadres;2803 PT;GOUDA;Nederland;Stavorenweg 6;;324;Item;CRM_Site/Lists/Adressen
Trigion;Postadres;3100 AC;SCHIEDAM;Nederland;Postbus 144;;325;Item;CRM_Site/Lists/Adressen
Zorgcombinatie Nieuwe Maas;Bezoekadres;3136 EA;VLAARDINGEN;Nederland;Dillenburgsingel 5;;361;Item;CRM_Site/Lists/Adressen
Zorgcombinatie Noorderboog;Postadres;7940 AM;MEPPEL;Nederland;Postbus 502;;362;Item;CRM_Site/Lists/Adressen
Zorgon;Postadres;3006 HB;ROTTERDAM;Nederland;Postbus 44055;;363;Item;CRM_Site/Lists/Adressen
Zorgon B.V.;Postadres;3006 HB;Rotterdam;Nederland;Postbus 44055;;364;Item;CRM_Site/Lists/Adressen
Zuyd Hogeschool;Postadres;6400 AN;HEERLEN;Nederland;Postbus 550;;365;Item;CRM_Site/Lists/Adressen
Eigen Haard;Bezoekadres;1043 EX;Amsterdam;Nederland;Arlandaweg 88;;;Item;CRM_Site/Lists/Adressen
RWG - Rotterdam World Gateway;Bezoekadres;3199 KD;Rotterdam;Nederland;Amoerweg 50  ;;;Item;CRM_Site/Lists/Adressen
Achmea Divisie Schade & Inkomen;Bezoekadres;7333 NP;Apeldoorn;Nederland;Laan van Malkenschoten 20;;;Item;CRM_Site/Lists/Adressen
Achmea Divisie Schade & Inkomen;Postadres;7300 HC;Apeldoorn;Nederland;Postbus 700;;;Item;CRM_Site/Lists/Adressen
CNH Tractor Limited;Bezoekadres;8210;Zedelgem;Belgie;Leon Claeysstraat 3A;;;Item;CRM_Site/Lists/Adressen
CRH;Bezoekadres;3439 NC;Nieuwegein;Nederland;Celsiusbaan 10;;;Item;CRM_Site/Lists/Adressen
ECT;Bezoekadres;3199 LD;Rotterdam;Nederland;Europaweg 875;;;Item;CRM_Site/Lists/Adressen
Iris Zorg;Bezoekadres;6831 GM;Arnhem;Nederland;Kronenburgsingel 545;;;Item;CRM_Site/Lists/Adressen
Philips IP&S;Bezoekadres;5600 AE;Eindhoven;Nederland;High Tech Campus 5;;;Item;CRM_Site/Lists/Adressen
Philips IP&S;Postadres;5600 AE;Eindhoven;Nederland;PO Box 220;;;Item;CRM_Site/Lists/Adressen
Wolters Kluwer;Bezoekadres;2408 ZA;Alphen a/d Rijn;Nederland;Zuidpoolsingel 2;;;Item;CRM_Site/Lists/Adressen
De Hofclub;Bezoekadres;3447 GS;Woerden;Nederland;Zaagmolenlaan 4;;;Item;CRM_Site/Lists/Adressen
Essent;Bezoekadres;5211 AK;Den Bosch;Nederland;Willemsplein 4;;;Item;CRM_Site/Lists/Adressen
Essent;Postadres;5200 BH;Den Bosch;Nederland;Postbus 1268;;;Item;CRM_Site/Lists/Adressen
Hart voor Woerden;Bezoekadres;3443 EG;Woerden;Nederland;Rembrandtlaan 2;;;Item;CRM_Site/Lists/Adressen
Secretary Plus;Bezoekadres;2514 AG;DEN HAAG;Nederland;Koninginnegracht 62;;;Item;CRM_Site/Lists/Adressen
accent.jobs;Bezoekadres;1322 CH;Almere;Nederland;Transistorstraat 104;;;Item;CRM_Site/Lists/Adressen
Accon avm;Bezoekadres;6199 AA;Maastricht;Nederland;Australielaan 10;;;Item;CRM_Site/Lists/Adressen
Accon avm;Bezoekadres;6825 ME;Arnhem;Nederland;Hoofdkantoor;Meander 725;;Item;CRM_Site/Lists/Adressen
Accon avm;Postadres;6802 EB;Arnhem;Nederland;Postbus 5090;;;Item;CRM_Site/Lists/Adressen
Royal Lemkes;Bezoekadres;2445 XD;Bleiswijk;Nederland;Hollandweg 6;;;Item;CRM_Site/Lists/Adressen
Core Connecting;Postadres;3761 GJ;Soest;Nederland;Colenso 79;;;Item;CRM_Site/Lists/Adressen
Verder Door Anders Doen;Bezoekadres;2811 EP;Reeuwijk;Nederland;Einsteinstraat 5-7;;;Item;CRM_Site/Lists/Adressen
Gemeente Zuidplas;Bezoekadres;2914 KM;Nieuwerkerk aan den IJssel;Nederland;Raadhuisplein 1;;;Item;CRM_Site/Lists/Adressen
Gemeente Zuidplas;Postadres;2910 AC;Nieuwerkerk aan den IJssel;Nederland;Postbus 100;;;Item;CRM_Site/Lists/Adressen
BrandWebbing;Bezoekadres;3523 CL;Utrecht;Nederland;Rotsoord 3a;;;Item;CRM_Site/Lists/Adressen
H3 Baby Safety Products BV;Postadres;6014 CA;Ittervoort;Nederland;Sleestraat 8;;;Item;CRM_Site/Lists/Adressen
Vluchtelingen Steunpunt Groene Hart;Bezoekadres;3447 GV;Woerden;Nederland;De Bleek 6;;;Item;CRM_Site/Lists/Adressen
PharmaCell B.V.;Bezoekadres;6229 EV;Maastricht;Nederland;Oxfordlaan 70;;;Item;CRM_Site/Lists/Adressen
SRK;Postadres;2700 LA;Zoetermeer;Nederland;Postbus 3020;;;Item;CRM_Site/Lists/Adressen
Rabobank Amstel en Vecht;Postadres;1180 AB;Amstelveen;Nederland;Postbus 92;;;Item;CRM_Site/Lists/Adressen
Rabobank Amstel en Vecht;Bezoekadres;1181 LE;Amstelveen;Nederland;Van Heuven Goedhartlaan 7;;;Item;CRM_Site/Lists/Adressen
Metselaar Contact Center Consultancy;Bezoekadres;8266 KJ;Kampen;Nederland;Eimbrink 28;;;Item;CRM_Site/Lists/Adressen
Eneco Consumenten;Bezoekadres;3068 AV;Rotterdam;Nederland;Marten Meesweg 5;;;Item;CRM_Site/Lists/Adressen
6X International;Bezoekadres;3446 CR;Woerden;Nederland;Jaap Bijzerweg 19;;;Item;CRM_Site/Lists/Adressen
eerlijkmetrecht;Bezoekadres;5211 KL;Den Bosch;Nederland;Parade 18;;;Item;CRM_Site/Lists/Adressen
eerlijkmetrecht;Bezoekadres;3584 BN;Utrecht;Nederland;Euclideslaan 70;;;Item;CRM_Site/Lists/Adressen
USG Legal Services;Postadres;3500 AP;Utrecht;Nederland;Postbus 602;;;Item;CRM_Site/Lists/Adressen
Tata Steel;Postadres;1970 CA;Ijmuiden;Nederland;PO Box 10.000;;;Item;CRM_Site/Lists/Adressen
Tata Steel;Bezoekadres;1970 CA;Velsen Noord;Nederland;Wenckebachstraat 1;Adrescode 3H15;;Item;CRM_Site/Lists/Adressen
USG Legal Services;Bezoekadres;3584 BV;Utrecht;Nederland;Euclideslaan 251;;;Item;CRM_Site/Lists/Adressen
Syntrus Achmea Real Estate & Finance;Bezoekadres;1043 GK;Amsterdam;Nederland;Gatwickstraat 1;;;Item;CRM_Site/Lists/Adressen
Syntrus Achmea Real Estate & Finance;Postadres;1040 KH;Amsterdam;Nederland;Postbus 59347;;;Item;CRM_Site/Lists/Adressen
Conclusion Learning Centers;Bezoekadres;3584 AA;Utrecht;Nederland;Herculesplein 80;;;Item;CRM_Site/Lists/Adressen
Effective Leadership Solutions (ELS) BV;Postadres;9450;Haaltert;Belgie;Herenthout 70;;;Item;CRM_Site/Lists/Adressen
Omgevingsdienst Rivierenland;Bezoekadres;4001 VK;Tiel;Nederland;Burg. van Lidth de Jeudelaan 3;;;Item;CRM_Site/Lists/Adressen
Omgevingsdienst Rivierenland;Postadres;4000 HG;Tiel;Nederland;Postbus 6267;;;Item;CRM_Site/Lists/Adressen
Het betere werken;Postadres;3951 AV;Maarn;Nederland;Eekhoornlaan 8 ee;;;Item;CRM_Site/Lists/Adressen
Van Walraven BV;Bezoekadres;3641 RR;Mijdrecht;Nederland;Nijverheidsweg 26;;;Item;CRM_Site/Lists/Adressen
TIBCO Software B.V. (NL);Bezoekadres;3062 ME;Rotterdam;Nederland;Brainpark II;Lichtenauerlaan 122-140;;Item;CRM_Site/Lists/Adressen
Adecco Top Secretaries;Bezoekadres;3584 BL;Utrecht;Nederland;Euclideslaan 1;;;Item;CRM_Site/Lists/Adressen
SV Werkt;Bezoekadres;2719 DX;Zoetermeer;Nederland;Rentgenlaan 13;;;Item;CRM_Site/Lists/Adressen
FFFFlinker;Postadres;5041 BJ;TILBURG;Nederland;Theresiaplein 14;;;Item;CRM_Site/Lists/Adressen
FFFFlinker;Bezoekadres;B-2320;Hoogstraten;Belgie;Lindendreef 42;;;Item;CRM_Site/Lists/Adressen
Domartes Beheer BV;Bezoekadres;5041 BJ;Tilburg;Nederland;Theresiaplein 14;;;Item;CRM_Site/Lists/Adressen
Dikmans Beheer BV;Postadres;3466 LZ;Waarder;Nederland;Prins Johan Frisostraat 8;;;Item;CRM_Site/Lists/Adressen
Sarius Management BV;Postadres;5046 RB;Tilburg;Nederland;Marengostraat 24;;;Item;CRM_Site/Lists/Adressen
ARAG;Bezoekadres;3833 AN;Leusden;Nederland;Kastanjelaan 2;;;Item;CRM_Site/Lists/Adressen
ARAG;Postadres;3830 AE;Leusden;Nederland;Postbus 230;;;Item;CRM_Site/Lists/Adressen
CZ;Bezoekadres;5038 KE;Tilburg;Nederland;Ringbaan West 236;;;Item;CRM_Site/Lists/Adressen
Equipe Zorgbedrijven;Bezoekadres;5657 DD;Eindhoven;Nederland;Flight Forum 130;;;Item;CRM_Site/Lists/Adressen
De Wever ouderenzorg;Bezoekadres;5042 AD;Tilburg;Nederland;Dr. Deelenlaan 6;;;Item;CRM_Site/Lists/Adressen
RNHB vastgoed;Bezoekadres;3511 SB; Utrecht;Nederland;Leidseveer 50;;;Item;CRM_Site/Lists/Adressen
KWF Kankerbestrijding;Bezoekadres;1062 EA;Amsterdam ;Nederland;Delflandlaan 17;;;Item;CRM_Site/Lists/Adressen
RNHB vastgoed;Postadres;3500 GE;Utrecht;Nederland;Postbus 2244;;;Item;CRM_Site/Lists/Adressen
W-TIC;Bezoekadres;3906 AN;Veenendaal;Nederland;Distelvink 51;;;Item;CRM_Site/Lists/Adressen
Vanderlande Industries;Bezoekadres;5466 RB;Veghel;Nederland;Vanderlandelaan 2;;;Item;CRM_Site/Lists/Adressen
BRIGHT UP;Bezoekadres;1086 ZJ;Amsterdam;Nederland;IJburglaan 456;kantoor Beehives;;Item;CRM_Site/Lists/Adressen
Sea Trucks Group;Bezoekadres;3013 AA;Rotterdam;Nederland;Delftseplein 30M (12e etage Oost);;;Item;CRM_Site/Lists/Adressen
Syntrus Achmea;Bezoekadres;3454 PV;De Meern;Nederland;Rijnzathe 12;;;Item;CRM_Site/Lists/Adressen
Syntrus Achmea;Postadres;3502 GD;Utrecht;Nederland;Postbus 3183;;;Item;CRM_Site/Lists/Adressen
Dukers & Baelemans;Bezoekadres;5512 ZG;Vessem;Nederland;Jan Smuldersstraat 22;;;Item;CRM_Site/Lists/Adressen
Dukers & Baelemans;Postadres;5512 ZG;Vessem;Nederland;Postbus 1047;;;Item;CRM_Site/Lists/Adressen
Franke Nederland B.V.;Postadres;5705 BX;Helmond;Nederland;Lagedijk 13;;;Item;CRM_Site/Lists/Adressen
Mitros;Bezoekadres;3527 LA;Utrecht;Nederland;Kon. Wilhelminalaan 9 ;;;Item;CRM_Site/Lists/Adressen
